First Name, Last Name, Email
Tony,Lamb,me@opbaj.tp
Christian,Ramos,uw@ag.tg
Frederick,Boyd,kempur@ascebec.gs
Melvin,Wagner,ibi@fojete.cd
Trevor,Luna,lumejner@va.cm
Ann,Summers,kipu@unbe.bz
Mary,Morrison,mu@hoberkob.ni
Cory,Weber,afjivik@ti.tj
Eugene,Larson,munib@ruba.tr
Larry,Gibbs,so@izu.mu
Bessie,Tate,to@genoso.ms
Emilie,Ingram,huzceag@ti.kg
Stephen,Mills,lejajjoj@jobdepad.kz
Steve,Harrison,wug@dejdipfo.is
Nicholas,Martin,rilnuf@hivkar.ve
Susie,Lawson,wifu@povoga.cm
Elijah,Gordon,efcibku@zu.jp
Terry,Meyer,miarza@mukez.ua
Lucile,Obrien,maoji@coskurpi.yt
Hulda,Ferguson,samid@di.tj
Esther,Swanson,nafusve@eti.co
Myrtle,Curtis,wiceumu@abtokur.la
Isabel,Goodman,suepi@sa.org
Rosie,Douglas,ec@zo.ss
Francis,Dunn,ura@zikgez.as
Nina,Torres,tutfe@vopbe.lu
Gabriel,Gilbert,nuvap@danogfu.tz
Maude,McCarthy,sadmojjeb@babse.om
Mabelle,Brooks,hi@jibum.tw
Elnora,Ballard,ijvic@woznuppam.pg
Charlie,Goodwin,titisage@boim.tf
Winnie,Mills,rulve@kuf.am
Hannah,Adams,odvu@uhiun.il
Gavin,Alvarez,cefic@jek.uk
Polly,Peters,adjib@jo.ni
Shane,Martinez,lon@zasaf.ec
Adelaide,Fuller,bemoim@wocbeutu.sy
Lucy,Riley,cef@baluhse.tf
Clarence,Cobb,gocoba@nah.cv
Jimmy,Delgado,avjipid@vis.us
Maurice,Lynch,wukifvi@azweesa.ua
Evan,Davidson,isjasvi@onaap.md
Bradley,Pope,vur@muk.zm
Joshua,Grant,biibitu@mo.jp
Clarence,Bryant,ha@elpe.sa
Marion,French,oziwulca@kokeficun.lu
Curtis,Hall,zib@cus.jo
Lora,Barber,dug@tiap.fr
Caleb,Hubbard,caunebi@gaesaasu.se
Frances,Barker,jis@tadwetad.za
Samuel,Klein,papa@jubenuf.ma
Leah,Francis,hovocka@eleboj.cm
Katharine,Walters,incac@neuh.cr
Della,Peters,ke@tojadape.bd
Cole,Park,tur@rarub.gb
Hannah,Blair,ku@am.si
Della,Rivera,tosu@ogiferfaw.tv
Jimmy,Reeves,tujutok@dole.kr
Josie,Lawrence,tih@ifhe.gov
Logan,Lindsey,memtajtog@hi.sm
Emilie,Ruiz,ziz@fanmisib.re
Isabelle,Roberson,ruesvo@no.cx
Lora,Ross,pofideb@jepcavfih.to
Myrtie,Barton,de@vo.kr
Bill,Brady,ku@guvepwi.gg
Mitchell,Gonzales,edguwgaz@panajle.co.uk
Mable,Luna,vo@gew.ee
Bryan,Lamb,ote@nulirak.at
Robert,Becker,kafe@su.mz
Todd,Vega,wapgufza@femevzil.be
Mattie,Collins,najlihsah@tina.cr
Jordan,Kelly,kalohe@cinued.cm
Lora,Drake,ce@vedilovu.gl
Scott,Evans,bizemvow@hagekos.lr
Lou,Martin,mu@wozaroc.tc
Edgar,Delgado,zupaj@sugewmem.cn
Estella,Collier,miru@oknab.pg
Bruce,McKinney,pizvifis@duz.dz
Ricardo,Page,omvo@pem.ca
Larry,Howell,jobresik@reh.pk
Clayton,Fernandez,wi@zu.sd
Nell,Gibbs,zepizon@jogije.is
Kevin,Casey,rusahu@lurab.li
Virgie,Webster,foolkol@nihev.qa
Johanna,Williams,ervo@vahtuisi.sm
Rachel,Harper,ana@woiffa.qa
Edith,Hall,egiuz@mecsa.ht
Callie,Snyder,pehikvod@tigem.gl
Lura,Andrews,nipimnan@ene.sm
Lawrence,Edwards,fijih@ojazahfug.fr
Troy,Figueroa,olsabpo@hepaz.edu
Alta,Warren,zekpi@roazu.cv
Terry,Roy,te@sep.bo
Millie,Mendoza,eroemlu@ki.bz
Tyler,Houston,ku@vope.tc
Chad,Moody,kuzaw@jukusu.lt
Christian,Norton,ijra@onsuup.fo
Elijah,Summers,ruteab@gi.na
Joel,Cohen,gocaj@zawnah.eh
Donald,Hopkins,anbut@lubapudil.ch
